Name,Group,Category,Price,Website,Description,More,Date
SaaS Boilerplate Pro,Templates,Nextjs,Paid,https://nextjs-boilerplate.com/pro-saas-starter-kit,"Boilerplate and Starter for Next JS 14+, Tailwind CSS 3.4 and TypeScript",https://www.indiehackers.site/product/saas-boilerplate-pro,2024/06/16
Next Auth Roles Template,Templates,Nextjs,Free,https://next-auth-roles-template.vercel.app,"Open-source Nextjs 14 Template Starter with Auth.js v5, User Roles & Admin Panel.",https://www.indiehackers.site/product/next-auth-roles-template,2024/07/09
Cult Directory Template,Templates,Nextjs,Free,https://www.nextjs.design,A full stack nextjs + shadcn + supabase template,https://www.indiehackers.site/product/cult-directory-template,2024/06/22
SaaS Boilerplate,Templates,Nextjs,Free,https://github.com/ixartz/SaaS-Boilerplate,"Boilerplate and Starter for Next JS 14+, Tailwind CSS 3.4 and TypeScript",https://www.indiehackers.site/product/saas-boilerplate,2024/06/08
Saasfly,Templates,Nextjs,Free,https://show.saasfly.io,An easy-to-use and enterprise-grade Next.js boilerplate.,https://www.indiehackers.site/product/saasfly,2024/06/08
Supastarter Nextjs,Templates,Nextjs,Paid,https://supastarter.dev?aff=MEzPR,Ship your SaaS in days. Save time and focus on your business with our production-ready SaaS starter kits for Next.js 14 and Nuxt 3.,https://www.indiehackers.site/product/supastarter-nextjs,2024/06/08
Open Saas,Templates,Nextjs,Free,https://opensaas.sh,"An open-source, feature-rich, full-stack React + NodeJS template that manages features for you.",https://www.indiehackers.site/product/open-saas,2024/06/24
Nextjs Billing,Templates,Nextjs,Free,https://github.com/lmsqueezy/nextjs-billing,Next.js billing app with Lemon Squeezy,https://www.indiehackers.site/product/nextjs-billing,2024/06/08
Next.js Templates,Templates,Nextjs,Free & Paid,https://nextjstemplates.com,"Free Next.js Boilerplates, Templates and Starters",https://www.indiehackers.site/product/next-js-templates,2024/06/30
Shipixen,Templates,Nextjs,Paid,https://shipixen.com?aff=MEzPR,"Branded boilerplates for your website, product or blog. Get an SEO optimized Markdown blog running Next.js 14, TypeScript, TailwindCSS + Shadcn UI. Deploy to Vercel with 1 click.",https://www.indiehackers.site/product/shipixen,2024/06/16
PXCI Boilerplate,Templates,Nextjs,Free,https://github.com/inngest/next-pxci-starter,"Boilerplate Next.js project (Xata, Prisma, Inngest, Clerk)",https://www.indiehackers.site/product/pxci-boilerplate,2024/07/10
SaaSy Land,Templates,Nextjs,Free,https://www.saasyland.com,"Your shortcut to startup success. The ultimate, modern, open-source Next.js template, with everything you need set up and ready to use.",https://www.indiehackers.site/product/saasy-land,2024/07/10
Shipfast,Templates,Nextjs,Paid,https://shipfa.st/?via=javay,"Ship your startup in days, not weeks. The NextJS boilerplate with all you need to build your SaaS, AI tool, or any other web app and make your first $ online fast.",https://www.indiehackers.site/product/shipfast,2024/06/03
Next SaaS Stripe Starter,Templates,Nextjs,Free,https://next-saas-stripe-starter.vercel.app,"Open-source SaaS Starter with User Roles & Admin Panel. Built using Next.js 14, Prisma, Neon, Auth.js v5, Resend, React Email, Shadcn/ui, Stripe, Server Actions.",https://www.indiehackers.site/product/next-saas-stripe-starter,2024/07/09
Inbox Zero,Templates,Nextjs,Free & Paid,https://www.getinboxzero.com,"Automate your email with AI, bulk unsubscribe from newsletters, and block cold emails. Open-source.",https://www.indiehackers.site/product/inbox-zero,2024/07/10
Next.JS Boilerplates,Templates,Nextjs,Free,https://www.nextjsboilerplateslist.com,Search Next.JS boilerplates based on wide range of categories and technologies.,https://www.indiehackers.site/product/next-js-boilerplates,2024/07/10
T3,Templates,Nextjs,Free,https://create.t3.gg,"The best way to start a full-stack, typesafe Next.js app",https://www.indiehackers.site/product/t3,2024/06/30
Shipped,Templates,Nextjs,Paid,https://shipped.club?aff=MEzPR,"Launch your startup in days, not months The Next.js Startup Boilerplate for busy founders, with all you need to build and launch your startup soon.",https://www.indiehackers.site/product/shipped,2024/06/09
AstroWind,Templates,Astro,Free,https://astrowind.vercel.app,AstroWind: A free template using Astro 4.0 and Tailwind CSS. Astro starter theme.,https://www.indiehackers.site/product/astrowind,2024/07/02
Astrolus,Templates,Astro,Free,https://astrolus.netlify.app,Home page template built with astro and tailwindcss using tailus blocks,https://www.indiehackers.site/product/astrolus,2024/07/02
Astroplate,Templates,Astro,Free,https://zeon.studio/preview?project=astroplate,"Astroplate is a free starter template built with Astro, TailwindCSS & TypeScript providing everything you need to jumpstart your Astro project. Get started with Astroplate and save yourself hours of work!",https://www.indiehackers.site/product/astroplate,2024/07/02
AstroShip,Templates,Astro,Free,https://astroship.web3templates.com,"Astroship is a starter template for startups, marketing websites & landing pages. Built with Astro.build and TailwindCSS. You can quickly create any website with this starter.",https://www.indiehackers.site/product/astroship,2024/07/02
Astronomy,Templates,Astro,Free,https://astro-nomy.vercel.app,An open source application built using the latest features in Astro v4 with shadcn/ui.,https://www.indiehackers.site/product/astronomy,2024/07/02
Tailcast,Templates,Astro,Free,https://tailcast.vercel.app,"Dark themed website template built on AstroJS, designed for fictional startup",https://www.indiehackers.site/product/tailcast,2024/07/02
Supastarter Nuxt,Templates,Nuxt,Paid,https://supastarter.dev?aff=MEzPR,Ship your SaaS in days. Save time and focus on your business with our production-ready SaaS starter kits for Next.js 14 and Nuxt 3.,https://www.indiehackers.site/product/supastarter-nuxt,2024/06/08
Rapid Launch,Templates,Nuxt,Paid,https://rapidlaunch.it?via=sr34xt8k5nl3ddcgul2j,Rapid Launch is a Nuxt-based boilerplate designed for creating and deploying landing pages for SaaS products and web apps. Users purchase the boilerplate code and deploy it themselves.,https://www.indiehackers.site/product/rapid-launch,2024/06/16
sidebase,Templates,Nuxt,Paid,https://sidebase.io,The productive way to build fullstack Nuxt 3 applications.,https://www.indiehackers.site/product/sidebase,2024/07/10
NuxtBase,Templates,Nuxt,Paid,https://nuxtbase.site,基于NuxtJS的前端脚手架，集成了你开发项目的一切工具（登录 + 支付 + 前后端）。让Vue和NodeJS开发者能够快速上线你的AI应用！,https://www.indiehackers.site/product/nuxtbase,2024/07/11
Just Launch It,Templates,Svelte,Paid,https://www.justlaunch.it,"A fully-loaded SvelteKit boilerplate to rapidly build and launch your unicorn SaaS, AI or web startup so you can get to market faster.",https://www.indiehackers.site/product/just-launch-it,2024/06/16
One Page Love,Templates,Landing Page,Free,https://onepagelove.com,"One Page websites, curated.",https://www.indiehackers.site/product/one-page-love,2024/06/30
Page UI,Templates,Landing Page,Free,https://pageui.shipixen.com,Landing page components that look great & convert,https://www.indiehackers.site/product/page-ui,2024/06/16
SaaS Landing Page,Templates,Landing Page,Free,https://saaslandingpage.com,SaaS landing page examples,https://www.indiehackers.site/product/saas-landing-page,2024/06/24
Landing Page Boilerplate,Templates,Landing Page,Free,https://landingpage.weijunext.com,"A versatile landing page boilerplate, ideal for various projects and marketing campaigns.",https://www.indiehackers.site/product/landing-page-boilerplate,2024/06/24
WXT,Templates,Browser Extension,Free,https://wxt.dev,An open source tool that makes Chrome Extension development faster than ever before,https://www.indiehackers.site/product/wxt,2024/06/24
Plasmo,Templates,Browser Extension,Free & Paid,https://www.plasmo.com,"Plasmo helps you build, test, and deploy powerful, cutting-edge products on top of the web browser.",https://www.indiehackers.site/product/plasmo,2024/06/24
Quartz,Templates,Documentation,Free,https://quartz.jzhao.xyz,"Quartz is a fast, batteries-included static-site generator that transforms Markdown content into fully functional websites.",https://www.indiehackers.site/product/quartz,2024/06/25
Nextra,Templates,Documentation,Free,https://nextra.site,"Simple, powerful and flexible site generation framework with everything you love from Next.js",https://www.indiehackers.site/product/nextra,2024/06/25
Mintlify,Templates,Documentation,Free & Paid,https://mintlify.com,"The documentation you want, effortlessly. Meet the modern standard for public facing documentation. Beautiful out of the box, easy to maintain, and optimized for user engagement.",https://www.indiehackers.site/product/mintlify,2024/06/30
VitePress,Templates,Documentation,Free,https://vitepress.dev,Vite & Vue Powered Static Site Generator,https://www.indiehackers.site/product/vitepress,2024/06/25
Docsify,Templates,Documentation,Free,https://docsify.js.org,A magical documentation site generator,https://www.indiehackers.site/product/docsify,2024/06/25
Starlight,Templates,Documentation,Free,https://starlight.astro.build,"Everything you need to build a stellar documentation website. Fast, accessible, and easy-to-use.",https://www.indiehackers.site/product/starlight,2024/06/25
VuePress,Templates,Documentation,Free,https://vuepress.vuejs.org,Vue-powered Static Site Generator,https://www.indiehackers.site/product/vuepress,2024/06/25
Docusaurus,Templates,Documentation,Free,https://docusaurus.io,"Build optimized websites quickly, focus on your content",https://www.indiehackers.site/product/docusaurus,2024/06/25
Hexo,Templates,Blog,Free,https://hexo.io,"A fast, simple & powerful blog framework, powered by Node.js.",https://www.indiehackers.site/product/hexo,2024/06/27
Jekyll,Templates,Blog,Free,https://jekyllrb.com,Transform your plain text into static websites and blogs.,https://www.indiehackers.site/product/jekyll,2024/06/26
Hugo,Templates,Blog,Free,https://gohugo.io,The world’s fastest framework for building websites,https://www.indiehackers.site/product/hugo,2024/06/27
Cali.so,Templates,Blog,Free,https://cali.so,An open source blog system with beautiful UI and full features ,https://www.indiehackers.site/product/cali-so,2024/06/28
AI Background Remover,Tools,Image,Free,https://html.zone/background-remover,Free AI Background Remover Tool,https://www.indiehackers.site/product/ai-background-remover,2024/06/29
Magickimg,Tools,Image,Free & Paid,https://magickimg.com,MagickImg 提供免费在线工具，用于捕捉任何网站的全页截图，并提供其他 AI 图像处理工具。,https://www.indiehackers.site/product/magickimg,2024/06/01
imgto,Tools,Image,Free,https://imgto.xyz,"Easily optimize and convert your images to modern, efficent formats for free using imgto.xyz.",https://www.indiehackers.site/product/imgto,2024/07/10
TinyPng,Tools,Image,Free & Paid,https://tinypng.com,"Smart WebP, PNG and JPEG Compression for Faster Websites",https://www.indiehackers.site/product/tinypng,2024/06/22
Removerized,Tools,Image,Free,https://removerized.tech,Free AI Background Remover Tool,https://www.indiehackers.site/product/removerized,2024/06/22
Xnapper,Tools,Image,Free & Paid,https://xnapper.com,Snap Beautiful Screenshots Instantly,https://www.indiehackers.site/product/xnapper,2024/06/22
Clipdrop,Tools,Image,Free & Paid,https://clipdrop.co,"Clipdrop.co offers a suite of AI-powered tools for creating and editing images, including background removal, resizing, object deletion, and more, with options for both web and API integration.",https://www.indiehackers.site/product/clipdrop,2024/06/22
Canva,Tools,Image,Free & Paid,https://www.canva.com,Canva makes it easy to create professional designs and to share or print them.,https://www.indiehackers.site/product/canva,2024/06/22
Bookmark.style,Tools,Image,Free,https://www.bookmark.style,"Turn any link into a stylish visual web bookmark, one-click to copy the beautiful web bookmark image.",https://www.indiehackers.site/product/bookmark-style,2024/06/27
Background Removal,Tools,Image,Free,https://img.ly/showcases/cesdk/background-removal/web,Remove backgrounds from images directly in the browser environment with ease and no additional costs or privacy concerns.,https://www.indiehackers.site/product/background-removal,2024/07/06
Zipic,Tools,Image,Free & Paid,https://store.5km.tech?aff=MEzPR,Zipic 是一款高效的图片压缩工具，支持 JPEG、PNG、WebP、HEIC 等格式压缩和转换。它提供极速压缩、高质量输出、视觉无损、批量处理、调整尺寸等功能，本地压缩保护隐私，支持亮暗主题和 Raycast 扩展，满足个人和工作需求。,https://www.indiehackers.site/product/zipic,2024/06/16
AnimStats,Tools,Video,Free & Paid,https://www.animstats.com,"Get x10 more engagement, grab attention with Animated GIFs/Videos",https://www.indiehackers.site/product/animstats,2024/06/20
Focusee,Tools,Video,Free & Paid,https://gemoo.com/focusee/?ref=zjq3yzu,Turn Screen Recordings into Eye-Catching Videos Automatically,https://www.indiehackers.site/product/focusee,2024/06/25
Pika Code Screenshot,Tools,Code,Free & Paid,https://pika.style/templates/code-image,"Free tool to create code screenshots for 20+ languages including HTML, CSS, JavaScript",https://www.indiehackers.site/product/pika-code-screenshot,2024/06/21
Carbon,Tools,Code,Free,https://carbon.now.sh,Create and share beautiful images of your source code. Start typing or drop a file into the text area to get started.,https://www.indiehackers.site/product/carbon-code-to-image,2024/06/19
CodeBit,Tools,Code,Free & Paid,https://codebit.xyz,Just a few steps to create your animated code video,https://www.indiehackers.site/product/codebit,2024/06/20
Ray.so,Tools,Code,Free,https://ray.so,Free tool to create code screenshots,https://www.indiehackers.site/product/ray-so,2024/06/22
Hackreels,Tools,Code,Free & Paid,https://www.hackreels.com,"Animate your code, in HD.",https://www.indiehackers.site/product/hackreels,2024/06/19
Buildkite,Tools,Dev,Free & Paid,https://buildkite.com,Jumpstart your Continuous Integration pipeline in minutes,https://www.indiehackers.site/product/buildkite,2024/06/22
ScreenshotOne,Tools,Dev,Paid,https://screenshotone.com,"Render screenshots in one simple API call, instead of managing browser clusters, and handling all the corner cases.",https://www.indiehackers.site/product/screenshotone,2024/07/06
Trigger.dev,Tools,Dev,Free & Paid,https://trigger.dev,Open source background jobs with no timeouts,https://www.indiehackers.site/product/trigger-dev,2024/07/06
UI Lib Picker,Tools,Dev,Free,https://ui-libs.vercel.app,Pick the right UI Library  for your Vue 3 or Nuxt 3 Project.,https://www.indiehackers.site/product/ui-lib-picker,2024/06/22
Monorepo,Tools,Dev,Free,https://monorepo.tools,"Everything you need to know about monorepos, and the tools to build them",https://www.indiehackers.site/product/monorepo,2024/06/23
Proxyman,Tools,Dev,Free & Paid,https://proxyman.io,"Best-in-class native macOS app to capture, decrypt, and mock  your HTTP(s) requests/ responses with powerful debugging tools.",https://www.indiehackers.site/product/proxyman,2024/06/22
Wappalyzer,Tools,Dev,Free & Paid,https://www.wappalyzer.com,Identify technologies on websites,https://www.indiehackers.site/product/wappalyzer,2024/06/20
bruno,Tools,Dev,Free & Paid,https://www.usebruno.com,"Bruno is a Fast and Git-Friendly Opensource API client, aimed at revolutionizing the status quo represented by Postman, Insomnia and similar tools out there.",https://www.indiehackers.site/product/bruno,2024/06/22
Open Graph Image Kit,Tools,OG Image,Paid,https://ogimage.org?aff=MEzPR,"All the code you need to create infinite open graph images for your website, blog, or social media posts.",https://www.indiehackers.site/product/open-graph-image-kit,2024/06/16
OG Image Gallery,Tools,OG Image,Free,https://www.ogimage.gallery,Gallery with the best and most carefully collected OG images by Luc Chaissac.,https://www.indiehackers.site/product/og-image-gallery,2024/06/15
OpenGraph.xyz,Tools,OG Image,Free & Paid,https://www.opengraph.xyz,Preview and Generate Open Graph Meta Tags,https://www.indiehackers.site/product/opengraph-xyz,2024/06/29
OG Image Generator,Tools,OG Image,Free,https://tailwind-generator.com/og-image-generator/generator,Design beautiful open graph images for your website using a graphical editor. Easily export the created og images as PNG format.,https://www.indiehackers.site/product/og-image-generator,2024/06/15
Marketing Examples,Tools,Social & Market,Free,https://marketingexamples.com,"Marketing Examples is a comprehensive resource offering insights into various marketing strategies, including acquisition, conversion, retention, and brand, through real-world examples, tips, and industry news, delivered via a highly regarded newsletter.",https://www.indiehackers.site/product/marketing-examples,2024/07/12
F5Bot,Tools,Social & Market,Free,https://f5bot.com,"F5Bot is a free service that emails you when your selected keywords are mentioned on Reddit, Hacker News, or Lobsters. Use it to monitor your brand, your projects, or just topics that you're interested in.",https://www.indiehackers.site/product/f5bot,2024/06/26
Dify,Tools,AI,Free & Paid,https://dify.ai,"Dify is an open-source LLM app development platform. Orchestrate LLM apps from agents to complex AI workflows, with an RAG engine.  More production-ready than LangChain",https://www.indiehackers.site/product/dify,2024/06/23
v0.dev,Tools,AI,Free & Paid,https://v0.dev,Generate UI with shadcn/ui from simple text prompts and images.,https://www.indiehackers.site/product/v0-dev,2024/06/09
ChatGPT,Tools,AI,Free & Paid,https://openai.com,"ChatGPT is an AI-powered conversational agent that can engage in natural language conversations, provide information, and assist users with various tasks.",https://www.indiehackers.site/product/chatgpt,2024/06/01
Riffo,Tools,AI,Free,https://riffo.ai/?utm_source=twitter&utm_medium=kol&utm_term=javayhu,Your AI helper that saves hours of file guesswork,https://www.indiehackers.site/product/riffo,2024/06/22
Flowise AI,Tools,AI,Free,https://flowiseai.com,Open source low-code tool for developers to build customized LLM orchestration flow & AI agents,https://www.indiehackers.site/product/flowise-ai,2024/06/23
Coze,Tools,AI,Free,https://www.coze.com,"Coze is a one-stop AI chat bot development platform. Regardless of your programming skills, Coze allows you to swiftly create a wide range of chat bots powered by AI, capable of handling everything from simple questions to complex conversations. Furthermore, you can publish your bots to various applications, fostering dynamic interaction with users on those applications.",https://www.indiehackers.site/product/coze,2024/06/23
ScreenshotToCode,Tools,AI,Free & Paid,https://screenshottocode.com,Build User Interfaces 10x Faster.   Convert any screenshot or design to clean code (with support for most frameworks),https://www.indiehackers.site/product/screenshottocode,2024/06/09
GPTZero,Tools,AI,Free & Paid,https://gptzero.me,More than an AI detector Preserve What's Human,https://www.indiehackers.site/product/gptzero,2024/06/23
transform,Tools,Other Tools,Free,transform.tools,A polyglot web converter,https://www.indiehackers.site/product/transform,2024/07/12
Sink,Tools,Link,Free,https://sink.cool,"A Simple / Speedy / Secure Link Shortener with Analytics, 100% run on Cloudflare.",https://www.indiehackers.site/product/sink,2024/06/16
Notion,Tools,Note,Free & Paid,https://www.notion.so,"Write, plan, organize, play Turn ideas into action with Notion’s AI-powered workspace.",https://www.indiehackers.site/product/notion,2024/06/20
Octoparse,Tools,Other Tools,Free & Paid,https://www.octoparse.com,Easy Web Scraping for Anyone,https://www.indiehackers.site/product/octoparse,2024/06/23
Dub,Tools,Link,Free & Paid,https://dub.co,Dub.co is the open-source link management infrastructure for modern marketing teams.,https://www.indiehackers.site/product/dub,2024/06/16
Muenzo,Tools,Note,Free & Paid,https://muenzo.com,"Muenzo is a visual note-taking app to capture ideas, organize thoughts and bring your creativity to life",https://www.indiehackers.site/product/muenzo,2024/06/20
Jina Reader,Tools,Other Tools,Free,https://jina.ai/reader,Convert any URL to an LLM-friendly input with a simple prefix https://r.jina.ai/,https://www.indiehackers.site/product/jina-reader,2024/06/23
HeptaBase,Tools,Note,Free & Paid,https://heptabase.com,"Heptabase empowers you to visually make sense of your learning, research, and projects.",https://www.indiehackers.site/product/heptabase,2024/06/20
Firecrawl,Tools,Other Tools,Free & Paid,https://www.firecrawl.dev,Crawl and convert any website into clean markdown or structured data. It's also open-source,https://www.indiehackers.site/product/firecrawl,2024/06/23
AFFiNE,Tools,Note,Free & Paid,https://affine.pro,"AFFiNE is an open-source, all-in-one workspace and an operating system for all the building blocks that assemble your knowledge base and much more — wiki, knowledge management, presentation and digital assets. It’s a better alternative to Notion and Miro.",https://www.indiehackers.site/product/affine,2024/06/20
Obsidian,Tools,Note,Free & Paid,https://obsidian.md,Obsidian is the private and flexible writing app that adapts to the way you think.,https://www.indiehackers.site/product/obsidian,2024/06/20
shiki-magic-move,Tools,Other Tools,Free,https://github.com/shikijs/shiki-magic-move,"Shiki Magic Move is a low-level library for animating code blocks, and uses Shiki as the syntax highlighter. You usually want to use it with a high-level integration like Slidev.",https://www.indiehackers.site/product/shiki-magic-move,2024/06/22
Parsehub,Tools,Other Tools,Free & Paid,https://www.parsehub.com,"ParseHub is a free and powerful web scraping tool. With our advanced web scraper, extracting data is as easy as clicking on the data you need",https://www.indiehackers.site/product/parsehub,2024/06/23
Awesome Homelab,Tools,Awesome,Free,https://www.awesome-homelab.com,Curating Top Apps for Homelab Enthusiasts.,https://www.indiehackers.site/product/awesome-homelab,2024/07/06
NextUI Pro,Design,UI Component,Paid,https://www.nextui.pro,Ship faster  with beautiful components,https://www.indiehackers.site/product/nextui-pro,2024/06/16
Mantine,Design,UI Component,Free,https://mantine.dev,A fully featured React components library,https://www.indiehackers.site/product/mantine,2024/06/30
DynaUI,Design,UI Component,Free & Paid,https://www.dynaui.design,Animated UI Library designed for Developers,https://www.indiehackers.site/product/dynaui,2024/06/23
Float UI,Design,UI Component,Free,https://floatui.com,Build and ship fast with Tailwind CSS UI components,https://www.indiehackers.site/product/float-ui,2024/06/16
dotUI,Design,UI Component,Free,https://dotui.org,"Accessible, mobile friendly, modern UI components.",https://www.indiehackers.site/product/dotui,2024/07/10
Radix UI,Design,UI Component,Free,https://www.radix-ui.com,"An open source component library optimized for fast development, easy maintenance, and accessibility. Just import and go—no configuration required.",https://www.indiehackers.site/product/radix-ui,2024/06/22
Tailsc,Design,UI Component,Free,https://tailsc.com,Free Tailwind CSS components to build your websites even faster,https://www.indiehackers.site/product/tailsc,2024/06/24
Magic UI,Design,UI Component,Free & Paid,https://magicui.design,"UI library for Design Engineers 20+ free and open-source animated components built with React, Typescript, Tailwind CSS, and Framer Motion. 100% open-source, and customizable.",https://www.indiehackers.site/product/magic-ui,2024/06/03
Versoly UI,Design,UI Component,Free,https://versoly.com/versoly-ui,Tailwind CSS components library based on Bootstrap,https://www.indiehackers.site/product/versoly-ui,2024/06/16
Shadcn/ui,Design,UI Component,Free,https://ui.shadcn.com,Build your component library Beautifully designed components that you can copy and paste into your apps. Accessible. Customizable. Open Source.,https://www.indiehackers.site/product/shadcn-ui,2024/06/08
Daisy UI,Design,UI Component,Paid,https://daisyui.com/store/?aff=MEzPR,The most popular component library  for Tailwind CSS. daisyUI adds component class names to Tailwind CSS so you can make beautiful websites faster than ever.,https://www.indiehackers.site/product/daisy-ui,2024/06/16
NextUI,Design,UI Component,Free,https://nextui.org,"Beautiful, fast and modern React UI library.",https://www.indiehackers.site/product/nextui,2024/06/16
Shadcn Vue,Design,UI Component,Free,https://www.shadcn-vue.com,Beautifully designed components that you can copy and paste into your apps. Accessible. Customizable. Open Source.,https://www.indiehackers.site/product/shadcn-vue,2024/06/29
Uiverse,Design,UI Component,Free,https://uiverse.io,Universe of UI; Hundreds of Open Source UI elements,https://www.indiehackers.site/product/uiverse,2024/07/10
Tailspark,Design,UI Component,Free & Paid,https://tailspark.co,350+ Free Tailwind CSS Components and Templates. Designed and crafted by Experts to help you build you next website in minutes.,https://www.indiehackers.site/product/tailspark,2024/06/20
Shadcn Extension,Design,UI Component,Free,https://shadcn-extension.vercel.app,"An open source component collection , that extends your ui library , built using shadcn component. ",https://www.indiehackers.site/product/shadcn-extension,2024/06/22
UILibHub,Design,UI Component,Free,https://uilibhub.com,Discover Best UI Libraries for React and Vue,https://www.indiehackers.site/product/uilibhub,2024/07/11
TailAdmin,Design,UI Component,Free & Paid,https://tailadmin.com,Open-Source Tailwind CSS Admin Dashboard Template,https://www.indiehackers.site/product/tailadmin,2024/06/29
Hyper UI,Design,UI Component,Free,https://www.hyperui.dev,"Free open source Tailwind CSS components for marketing and eCommerce websites, as well as application UI.",https://www.indiehackers.site/product/hyper-ui,2024/06/08
Radix Vue,Design,UI Component,Free,https://www.radix-vue.com,"Vue port of Radix UI Primitives. An open-source UI component library for building high-quality, accessible design systems and web apps.",https://www.indiehackers.site/product/radix-vue,2024/06/29
Chakra UI,Design,UI Component,Free,https://v2.chakra-ui.com,"Chakra UI is a simple, modular and accessible component library that gives you the building blocks you need to build your React applications.",https://www.indiehackers.site/product/chakra-ui,2024/06/22
Cult UI,Design,UI Component,Free,https://www.cult-ui.com,Ready-to-use components for your React apps. Shadcn compatible. Styled with tailwindcss. Copy and paste. Open Source. Typed.,https://www.indiehackers.site/product/cult-ui,2024/06/04
Syntax UI,Design,UI Component,Free,https://syntaxui.com,"Build faster & Launch sooner with SyntaxUI. Get instant access to pre-built, Tailwind CSS-powered components and animations, featuring Framer Motion-enhanced interactions.",https://www.indiehackers.site/product/syntax-ui,2024/06/23
UVCanvas,Design,UI Component,Free,https://uvcanvas.com,"An open source React.js component library for beautifully shaded canvas, brought to you by Latent Cat.",https://www.indiehackers.site/product/uvcanvas,2024/06/29
Tailus UI,Design,UI Component,Free,https://ui.tailus.io,"React UI Kit for Custom Web UIs. Highly customizable components for crafting modern, personalized websites and applications.",https://www.indiehackers.site/product/tailus-ui,2024/06/17
Aceternity UI,Design,UI Component,Free & Paid,https://ui.aceternity.com,Aceternity UI 是一个提供前端组件的平台，允许开发者通过复制粘贴高质量的、带有动画的组件来快速美化网站。,https://www.indiehackers.site/product/aceternity-ui,2024/06/04
Chakra UI Pro,Design,UI Component,Paid,https://pro.chakra-ui.com,"Choose from over 180+ beautifully designed components, made by the creators of Chakra UI. The perfect starting line for your next project.",https://www.indiehackers.site/product/chakra-ui-pro,2024/06/22
Refero,Design,Inspiration,Free & Paid,https://refero.design,Explore real-world designs from the best products,https://www.indiehackers.site/product/refero,2024/06/23
Framer Website Templates,Design,Inspiration,Free,https://www.framer.com/templates/categories/featured,The best templates hand-picked by the Framer team,https://www.indiehackers.site/product/framer-website-templates,2024/06/24
Navbar Gallery,Design,Inspiration,Free,https://www.navbar.gallery,Find the best navigation inspirations for your design.,https://www.indiehackers.site/product/navbar-gallery,2024/06/22
Dribbble,Design,Inspiration,Free & Paid,https://dribbble.com,Dribbble is the leading destination to find & showcase creative work and home to the world's best design professionals.,https://www.indiehackers.site/product/dribbble,2024/06/23
Curated Design,Design,Inspiration,Free & Paid,https://www.curated.design,Unleash your creativity with out-of-this-world web design inspiration from across the web,https://www.indiehackers.site/product/curated-design,2024/06/23
Handheld Design,Design,Inspiration,Free,https://handheld.design,Discover best-in-class mobile design inspiration,https://www.indiehackers.site/product/handheld-design,2024/06/22
Mobbin,Design,Inspiration,Free & Paid,https://mobbin.com,Discover real-world design inspiration,https://www.indiehackers.site/product/mobbin,2024/06/23
Pikaicons,Design,Icon,Free & Paid,https://pikaicons.com,"PikaIcons is a lifetime ever-growing pack of unique and charming icons, designed for designers who want to add personality and exclusivity to their designs.",https://www.indiehackers.site/product/pikaicons,2024/06/08
Bootstrap Icons,Design,Icon,Free,https://icons.getbootstrap.com,"Free, high quality, open source icon library with over 2,000 icons. Include them anyway you like—SVGs, SVG sprite, or web fonts. Use them with or without Bootstrap in any project.",https://www.indiehackers.site/product/bootstrap-icons,2024/06/08
Unicorn Icons,Design,Icon,Free,https://unicornicons.com,Premium animated icons for your next project,https://www.indiehackers.site/product/unicorn-icons,2024/06/29
Iconbuddy,Design,Icon,Free & Paid,https://iconbuddy.com,"The ultimate source for icons. Download, Customize, Edit and Personalize. Over 200k+ open source icons.",https://www.indiehackers.site/product/iconbuddy,2024/06/08
Heroicons,Design,Icon,Free,https://heroicons.com,"Beautiful hand-crafted SVG icons, by the makers of Tailwind CSS.",https://www.indiehackers.site/product/heroicons,2024/06/08
BoxIcons,Design,Icon,Free,https://boxicons.com,High Quality Web Icons Simple Open Source icons carefully crafted for designers & developers,https://www.indiehackers.site/product/boxicons,2024/06/08
Lucide Icons,Design,Icon,Free,https://lucide.dev,Beautiful & consistent icons Made by the community.,https://www.indiehackers.site/product/lucide-icons,2024/06/20
Nucleo Icons,Design,Icon,Free & Paid,https://nucleoapp.com/premium-icons,"Your next-level icon library. Explore our collection of premium-quality, customizable SVG icons. Expertly crafted since 2014.",https://www.indiehackers.site/product/nucleo-icons,2024/06/08
Iconify,Design,Icon,Free,https://iconify.design,"Freedom to choose icons All popular icon sets, one framework.  Over 200,000 open source vector icons.",https://www.indiehackers.site/product/iconify,2024/06/20
Iconly,Design,Icon,Free & Paid,https://iconly.pro,The last icon solution you need!,https://www.indiehackers.site/product/iconly,2024/06/08
Yesicon,Design,Icon,Free,https://yesicon.app,"228,600 High-Quality Vector Icons from Top Design Teams",https://www.indiehackers.site/product/yesicon,2024/06/22
Radix Icons,Design,Icon,Free,https://www.radix-ui.com/icons,A crisp set of 15×15 icons,https://www.indiehackers.site/product/radix-icons,2024/06/23
Feather Icons,Design,Icon,Free,https://feathericons.com,"Feather is a collection of simply beautiful open-source icons. Each icon is designed on a 24x24 grid with an emphasis on simplicity, consistency, and flexibility.",https://www.indiehackers.site/product/feather-icons,2024/06/08
Google Material Design Icons,Design,Icon,Free,https://fonts.google.com/icons,Material Design icons by Google,https://www.indiehackers.site/product/google-material-design-icons,2024/06/08
Tabler Icons,Design,Icon,Free,https://tablericons.com,4926 Open source free SVG icons. Highly customizable. No attribution required. For commercial use.,https://www.indiehackers.site/product/tabler-icons,2024/06/08
The Noun Project,Design,Icon,Free & Paid,https://thenounproject.com,Icons and Photos For Everything,https://www.indiehackers.site/product/the-noun-project,2024/06/08
Flat Icons,Design,Icon,Free & Paid,https://www.flaticon.com,"Access 15.9M+ vector icons & stickers Download Free Icons and Stickers for your projects. Images made by and for designers in PNG, SVG, EPS, PSD and CSS formats.",https://www.indiehackers.site/product/flat-icons,2024/06/20
Font Awesome,Design,Icon,Free & Paid,https://fontawesome.com,"Font Awesome is the internet's icon library and toolkit used by millions of designers, developers, and content creators.",https://www.indiehackers.site/product/font-awesome,2024/06/08
Mingcute,Design,Icon,Free & Paid,https://www.mingcute.com,"Carefully Designed Icon Library MingCute is a set of simple and exquisite open-source icon library. Whether you're a designer or a developer, it's perfect for use in web and mobile.",https://www.indiehackers.site/product/mingcute,2024/06/08
Icon8,Design,Icon,Free & Paid,https://icons8.com,The ultimate design kit for creatives and developers,https://www.indiehackers.site/product/icon8,2024/06/08
UI Colorgen,Design,Color & Style,Free,https://ui-colorgen.vercel.app,An application designed to assist you with color configuration of shadcn/ui !,https://www.indiehackers.site/product/ui-colorgen,2024/07/09
Tailwind Generator,Design,Color & Style,Free,https://tailwind-generator.com,"Collection of useful tools and generators for Tailwind to create, design and customize all kind of web components using a graphical editor.",https://www.indiehackers.site/product/tailwind-generator,2024/06/15
ColorKit,Design,Color & Style,Free,https://colorkit.co,Where color comes to thrive. Free tools to create your next great design.,https://www.indiehackers.site/product/colorkit,2024/06/16
Color Palette Generator,Design,Color & Style,Free,https://tailwind-generator.com/color-palette-generator/generator,"Generate unique color palettes for Tailwind and customize them to your needs. Alternatively, choose from popular presets.",https://www.indiehackers.site/product/color-palette-generator,2024/06/15
Sass,Design,Color & Style,Free,https://sass-lang.com,"Sass is the most mature, stable, and powerful professional grade CSS extension language in the world.",https://www.indiehackers.site/product/sass,2024/07/06
Tailwindcss,Design,Color & Style,Free,https://tailwindcss.com,Rapidly build modern websites without ever leaving your HTML.,https://www.indiehackers.site/product/tailwindcss,2024/06/08
uiGradients,Design,Color & Style,Free,https://uigradients.com,"uiGradients is a community-driven platform offering a curated collection of visually appealing color gradients for web design, with an open invitation for contributors to add new gradients via a GitHub repository.",https://www.indiehackers.site/product/uigradients,2024/06/23
PostCSS,Design,Color & Style,Free,https://postcss.org,"PostCSS is a tool for transforming styles with JS plugins. These plugins can lint your CSS, support variables and mixins, transpile future CSS syntax, inline images, and more.",https://www.indiehackers.site/product/postcss,2024/07/06
HyperColor,Design,Color & Style,Free,https://hypercolor.dev,"A curated collection of beautiful Tailwind CSS gradients using the full range of Tailwind CSS colors. Easily copy and paste the class names, CSS or even save the gradients as an image.",https://www.indiehackers.site/product/hypercolor,2024/06/23
Radix Color Palette,Design,Color & Style,Free,https://www.radix-ui.com/colors/custom,"A gorgeous, accessible color system",https://www.indiehackers.site/product/radix-color-palette,2024/06/23
Realtime Colors,Design,Color & Style,Free,https://www.realtimecolors.com,"Visualize your color choices on a real website for designing, developing, and creating a brand style guide. This tool allows you to enter your own favorite colors or view trendy and cool color palettes by pressing the ""Randomize"" button or the Spacebar.",https://www.indiehackers.site/product/realtime-colors,2024/06/23
CSS mesh gradients,Design,Color & Style,Free & Paid,https://www.mshr.app,A collection of 215 vanilla CSS mesh gradients free for you to use in any of your projects. Browse our generated meshes or create your own custom mesh with our App.,https://www.indiehackers.site/product/css-mesh-gradients,2024/07/06
Coolors,Design,Color & Style,Free & Paid,https://coolors.co/palettes/trending,Get inspired by thousands of beautiful color schemes and make something cool!,https://www.indiehackers.site/product/coolors,2024/06/23
fffuel,Design,Color & Style,Free,https://www.fffuel.co,"fffuel is a collection of color tools and free SVG generators for gradients, patterns, textures, shapes & backgrounds",https://www.indiehackers.site/product/fffuel,2024/07/12
UI Colors,Design,Color & Style,Free,https://uicolors.app,Tailwind CSS Color Generator,https://www.indiehackers.site/product/ui-colors,2024/06/23
Design Foundations,Design,Color & Style,Free,https://design-foundations.com,"Get the colors, icons, and fonts from any website in seconds. Great for sparking new design ideas!",https://www.indiehackers.site/product/design-foundations,2024/07/09
ui.jln.dev,Design,Color & Style,Free & Paid,https://ui.jln.dev,10000+ shadcn/ui Themes ,https://www.indiehackers.site/product/ui-jln-dev,2024/07/12
Favicon Logo Generator,Design,Logo & Favicon,Free,https://favicon.io/logo-generator,Generate a logo by configuring the settings below. Download your logo in a variety of layouts and formats.,https://www.indiehackers.site/product/favicon-logo-generator,2024/06/16
Logo To Use,Design,Logo & Favicon,Free,https://www.logotouse.com,The internet’s source of free logos,https://www.indiehackers.site/product/logo-to-use,2024/06/22
Favicon Generator,Design,Logo & Favicon,Free,https://favicon.io/favicon-generator,"Quickly generate your favicon from text by selecting the text, fonts, and colors. Download your favicon in the most up to date formats.",https://www.indiehackers.site/product/favicon-generator,2024/06/16
Logo Fast,Design,Logo & Favicon,Free,https://shipfa.st/tools/logo-fast,make logo fast created by Marc Lou,https://www.indiehackers.site/product/logofast,2024/06/16
Ray.so Logo,Design,Logo & Favicon,Free,https://icon.ray.so,make logo fast created by Ray.so,https://www.indiehackers.site/product/ray-so-logo,2024/06/22
Favicon Converter,Design,Logo & Favicon,Free,https://favicon.io/favicon-converter,"The only favicon generator you need for your next project. Quickly generate your favicon from text, image, or choose from hundreds of emojis.",https://www.indiehackers.site/product/favicon-converter,2024/06/16
Icon Kitchen,Design,Logo & Favicon,Free,https://icon.kitchen,make logo fast created by @romannurik,https://www.indiehackers.site/product/icon-kitchen,2024/06/22
Logo Idea,Design,Logo & Favicon,Free,https://shipfa.st/logo-idea,Browse 4845 logos and icons for inspiration created by Marc Lou,https://www.indiehackers.site/product/logo-idea,2024/06/16
Memo Card,Design,Mockup,Free,https://memocard.net,Turn your words into beautiful sharing cards!,https://www.indiehackers.site/product/memo-card,2024/06/30
BrandBird,Design,Mockup,Free & Paid,https://www.brandbird.app,"BrandBird turns your screenshots into captivating graphics for social media posts, landing pages, changelog pages, newsletters.",https://www.indiehackers.site/product/brandbird,2024/06/22
MagicPattern,Design,Mockup,Free & Paid,https://www.magicpattern.design,"Create unique graphics for social media posts, landing pages and branding in a few clicks. Then export them as images, or even code (SVG & CSS).",https://www.indiehackers.site/product/magicpattern,2024/06/22
ShotEasy,Design,Mockup,Free,https://shoteasy.fun,"Capture your visible screen, a selected area, or even the full page with just a single click.  And editing, elevate your Screenshots Instantly!",https://www.indiehackers.site/product/shoteasy,2024/07/05
Shots,Design,Mockup,Free,https://shots.so,Create Amazing Mockups,https://www.indiehackers.site/product/shots,2024/06/16
Pika,Design,Mockup,Free,https://pika.style,Create and edit beautiful screenshots for free,https://www.indiehackers.site/product/pika,2024/06/16
Streamer Cards,Design,Mockup,Free,https://memocard.net,Flowing Light Card makes sharing more beautiful and elegant,https://www.indiehackers.site/product/streamer-cards,2024/06/30
Poet.so,Design,Mockup,Free,https://poet.so,Capture and share Twitter posts as beautiful images,https://www.indiehackers.site/product/poet-so,2024/06/30
illlustrations.co,Design,Illustration,Free,https://illlustrations.co,Open source illustrations kit,https://www.indiehackers.site/product/illlustrations-co,2024/06/30
CocoMaterial,Design,Illustration,Free,https://cocomaterial.com,"Discover CocoMaterial, the Open Source hand-drawn illustration library with 3,201 images. Customize & download!",https://www.indiehackers.site/product/cocomaterial,2024/07/07
Illustration Kit,Design,Illustration,Free,https://illustrationkit.com,Premium handcrafted illustrations Beautiful free illustrations for personal & commercial projects. No attribution required.,https://www.indiehackers.site/product/illustration-kit,2024/06/29
unDrawer,Design,Illustration,Free,https://undraw.co/illustrations,Open-source illustrations for any idea you can imagine and create,https://www.indiehackers.site/product/undrawer,2024/06/22
Popsy,Design,Illustration,Free,https://popsy.co/illustrations,"Free vector illustrations for Notion and Popsy websites. Completely free to use, just add attribution to popsy.co",https://www.indiehackers.site/product/popsy,2024/06/22
vectorCraftr,Design,Illustration,Free,https://vectorcraftr.com,All illustrations are free for commercial use.,https://www.indiehackers.site/product/vectorcraftr,2024/06/22
Open Peeps,Design,Illustration,Free,https://www.openpeeps.com,A hand-drawn illustration library.,https://www.indiehackers.site/product/open-peeps,2024/06/30
Storyset,Design,Illustration,Free,https://storyset.com,Awesome free customizable illustrations for your next project,https://www.indiehackers.site/product/storyset,2024/06/30
Open Doodles,Design,Illustration,Free,https://generator.opendoodles.com,A Free Set of Open-Source Illustrations!,https://www.indiehackers.site/product/open-doodles,2024/06/30
useAnimations,Design,Animation,Free,https://useanimations.com,Animated icons in Lottie Framework for immediate implementation to your apps or websites.,https://www.indiehackers.site/product/useanimations,2024/06/30
Animista,Design,Animation,Free,https://animista.net,"Animista is a place where you can play with a collection of pre-made CSS animations, tweak them and get only those you will actually use.",https://www.indiehackers.site/product/animista,2024/06/30
Origami Studio 3,Design,Animation,Free,https://origami.design,"Origami Studio 3 is an all-in-one design tool that introduces Canvas for visual layout, offers interactive component building, accesses native hardware APIs, and provides enhanced performance and sharing capabilities.",https://www.indiehackers.site/product/origami-studio-3,2024/06/23
LottieFiles,Design,Animation,Free & Paid,https://lottiefiles.com,"Lightweight, scalable animations for your websites and apps",https://www.indiehackers.site/product/lottiefiles,2024/06/23
Rive,Design,Animation,Free & Paid,https://rive.app,"EMPOWER DESIGNERS, SLASH DEV TIMES BUILD BETTER PRODUCTS TOGETHER",https://www.indiehackers.site/product/rive,2024/06/23
Auto Animate,Design,Animation,Free,https://auto-animate.formkit.com,Add motion to your apps with a single line of code.,https://www.indiehackers.site/product/auto-animate,2024/06/30
Lottielab,Design,Animation,Free & Paid,https://www.lottielab.com,"Create and edit lottie animations, ship to your apps and websites.",https://www.indiehackers.site/product/lottielab,2024/06/23
PopMotion,Design,Animation,Free,https://popmotion.io,Theanimator’sJavaScripttoolbox,https://www.indiehackers.site/product/popmotion,2024/06/23
GSAP,Design,Animation,Free & Paid,https://gsap.com,A wildly robust JavaScript animation library built for professionals,https://www.indiehackers.site/product/gsap,2024/06/23
Jitter,Design,Animation,Free & Paid,https://jitter.video,Jitter enables creators and teams to easily design stunning animated content and interfaces.,https://www.indiehackers.site/product/jitter,2024/06/23
Animata,Design,Animation,Free,https://animata.design,Bring your site to life with easy to use animation & interaction code. Copy. Paste. Animate.,https://www.indiehackers.site/product/animata,2024/07/06
Motion One,Design,Animation,Free,https://motion.dev,A modern web animation library based on native browser APIs,https://www.indiehackers.site/product/motion-one,2024/06/23
Framer Motion,Design,Animation,Free,https://www.framer.com/motion,A production-ready motion library for React,https://www.indiehackers.site/product/framer-motion,2024/06/23
RoughNotation,Design,Animation,Free,https://roughnotation.com,A small JavaScript library to create and animate annotations on a web page,https://www.indiehackers.site/product/roughnotation,2024/06/19
Free Faces,Design,Font,Free,https://www.freefaces.gallery,This website is a curated collection of typefaces that are available under a variety of free licences somewhere on the interwebs.,https://www.indiehackers.site/product/free-faces,2024/07/13
Google Fonts,Design,Font,Free,https://fonts.google.com,All Google Fonts are open source and are without cost,https://www.indiehackers.site/product/google-fonts,2024/06/23
Programming Fonts,Design,Font,Free,https://programmingfonts.org,Test drive programming fonts online: the definitive list of fonts for code.,https://www.indiehackers.site/product/programming-fonts,2024/07/13
Fontshare,Design,Font,Free,https://www.fontshare.com,Fontshare is a free fonts service launched by the Indian Type Foundry (ITF).,https://www.indiehackers.site/product/fontshare,2024/07/13
Miao Shan,Design,Font,Free,https://www.miao3.cn,"The Miao3.cn website offers a comprehensive library of Chinese and English fonts for online preview and free download, with a vast collection of 1192 free commercial-use fonts and a feature allowing users to submit fonts.",https://www.indiehackers.site/product/miao-shan,2024/07/13
Super Designer,Design,Other Design Tools,Free,https://superdesigner.co,Create beautiful Designs  in a few clicks,https://www.indiehackers.site/product/super-designer,2024/06/29
Google Analytics,SaaS,Traffic,Free,https://marketingplatform.google.com/about/analytics,Get a deeper understanding of your customers. Google Analytics gives you the free tools you need to analyze data for your business in one place.,https://www.indiehackers.site/product/google-analytics,2024/06/08
Beam,SaaS,Traffic,Free & Paid,https://beamanalytics.io,The Google Analytics alternative with the most generous free tier,https://www.indiehackers.site/product/beam,2024/06/16
Umami,SaaS,Traffic,Free & Paid,https://umami.is,"Umami makes it easy to collect, analyze, and understand your web data — while maintaining visitor privacy and data ownership.",https://www.indiehackers.site/product/umami,2024/06/01
Clarity,SaaS,Traffic,Free,https://clarity.microsoft.com,"Clarity is a cutting-edge behavioral analysis tool that helps you understand user interaction with your website. By using Clarity's robust analysis tools, you can enhance your website for your clients and your business.",https://www.indiehackers.site/product/clarity,2024/06/08
Plausible,SaaS,Traffic,Free & Paid,https://plausible.io,Easy to use and privacy-friendly Google Analytics alternative,https://www.indiehackers.site/product/plausible,2024/06/08
Hotjar,SaaS,Traffic,Free & Paid,https://www.hotjar.com,Everything you ever wanted to know about your website... ...but your analytics never told you. Hotjar shows you the numbers you need—and the real user behavior behind them.,https://www.indiehackers.site/product/hotjar,2024/06/09
PostHog,SaaS,Traffic,Free & Paid,https://posthog.com,Monitor your website traffic Web analytics for people who really liked GA3...,https://www.indiehackers.site/product/posthog,2024/06/21
Usermaven,SaaS,Traffic,Free & Paid,https://usermaven.com,Simple yet powerful website & product analytics tool,https://www.indiehackers.site/product/usermaven,2024/06/16
PageSpeed Insights,SaaS,Performance,Free,https://pagespeed.web.dev,PageSpeed Insights (PSI) 可报告网页在移动设备和桌面设备上的用户体验，并提供关于如何改进网页的建议。,https://www.indiehackers.site/product/pagespeed-insights,2024/06/08
LightHouse,SaaS,Performance,Free,https://chromewebstore.google.com/detail/blipmdconlkpinefehnmjammfjpmpbjk,"Lighthouse is an open-source, automated tool for improving the performance, quality, and correctness of your web apps.",https://www.indiehackers.site/product/lighthouse,2024/06/23
Better Stack,SaaS,Log,Free & Paid,https://betterstack.com,"Better Stack lets you see inside any stack, debug any issue, and resolve any incident",https://www.indiehackers.site/product/better-stack,2024/06/22
Sumo Logic,SaaS,Log,Free & Paid,https://www.sumologic.com,Fast troubleshooting and investigation with AI/ML-powered log analytics,https://www.indiehackers.site/product/sumo-logic,2024/06/22
New Relic,SaaS,Log,Free & Paid,https://newrelic.com,"Data for engineers to monitor, debug, and improve their entire stack",https://www.indiehackers.site/product/new-relic,2024/06/22
Lucia,SaaS,Auth,Free,https://lucia-auth.com,"Lucia is an auth library for your server that abstracts away the complexity of handling sessions. It works alongside your database to provide an API that's easy to use, understand, and extend.",https://www.indiehackers.site/product/lucia,2024/06/24
WorkOS,SaaS,Auth,Free & Paid,https://workos.com,WorkOS is a set of building blocks for quickly adding enterprise features to your app. You’ll be shipping quickly with a market-proven solution for your customers.,https://www.indiehackers.site/product/workos,2024/06/25
Logto,SaaS,Auth,Free & Paid,https://logto.io,Logto is an Auth0 alternative designed for modern apps and SaaS products. It offers a seamless developer experience and is well-suited for individuals and growing companies.,https://www.indiehackers.site/product/logto,2024/07/05
Kinde,SaaS,Auth,Free & Paid,https://kinde.com,"Powerful user authentication that integrates in minutes. Free up to 10,500 MAU.",https://www.indiehackers.site/product/kinde,2024/06/30
Clerk,SaaS,Auth,Free & Paid,https://clerk.com,The most comprehensive User Management Platform,https://www.indiehackers.site/product/clerk,2024/06/16
Auth0,SaaS,Auth,Free & Paid,https://auth0.com,Secure access for medical patients But not identity thieves,https://www.indiehackers.site/product/auth0,2024/06/25
Authjs,SaaS,Auth,Free,https://authjs.dev,Authentication for the Web. Free and open source.,https://www.indiehackers.site/product/authjs,2024/06/16
Amazon Simple Email Service,SaaS,Email,Free & Paid,https://aws.amazon.com/ses,"Optimize your email communication with reliable, scalable and secure solutions that ensure compliance and efficiency at competitive prices",https://www.indiehackers.site/product/amazon-ses,2024/06/23
NodeMailer,SaaS,Email,Free,https://nodemailer.com,Send e-mails with Node.JS – easy as cake!,https://www.indiehackers.site/product/nodemailer,2024/06/24
Postmark,SaaS,Email,Free & Paid,https://postmarkapp.com,"The email delivery service that people actually like Stop worrying if your emails made it to the inbox, and get back to focusing on what matters—building great products.",https://www.indiehackers.site/product/postmark,2024/06/08
Resend,SaaS,Email,Free & Paid,http://resend.com,"The best way to reach humans instead of spam folders. Deliver transactional and marketing emails at scale. Transactional emails API for developers. 3,000 emails/month, 100 emails/day free, one custom domain.",https://www.indiehackers.site/product/resend,2024/06/08
ShootMail,SaaS,Email,Free,https://shootmail.app,"Send beautiful emails directly from code. No drag-drop, no HTML to edit. Just copy the template ID and send using your favorite email service.",https://www.indiehackers.site/product/shootmail,2024/06/22
Plunk,SaaS,Email,Free & Paid,https://www.useplunk.com,The Email Platform for SaaS,https://www.indiehackers.site/product/plunk,2024/06/16
Zoho,SaaS,Email,Free & Paid,https://www.zoho.com,"Secure business email for your organization Host your business email on a secure, encrypted, privacy-guaranteed, and ad-free email service, and add a professional touch to every email that goes out.",https://www.indiehackers.site/product/zoho,2024/06/08
Cloudflare Email Routing,SaaS,Email,Free & Paid,https://www.cloudflare.com/developer-platform/email-routing,A free and private way to create and manage email addresses,https://www.indiehackers.site/product/cloudflare-email-routing,2024/06/08
Loops,SaaS,Email,Free & Paid,https://loops.so,Email for modern  software companies,https://www.indiehackers.site/product/loops,2024/06/23
Email.Bear,SaaS,Email,Free,https://email.beer,Email.ML(aka Email.Beer) is a minimalistic temporary disposable email service.,https://www.indiehackers.site/product/email-bear,2024/06/08
Mailgun,SaaS,Email,Free & Paid,https://www.mailgun.com,"Flexible, scalable, and results driven email sending platform",https://www.indiehackers.site/product/mailgun,2024/06/16
SendGrid,SaaS,Email,Free & Paid,https://sendgrid.com,Get your emails to the inbox—where they belong. Send transactional and marketing emails at scale with the platform that offers a 99% deliverability rate. Brands large and small use SendGrid’s world-class email tools to deliver 148+ billion emails monthly.,https://www.indiehackers.site/product/sendgrid,2024/06/08
OpenStatus,SaaS,Monitor,Free & Paid,https://www.openstatus.dev,A better way to monitor your services.,https://www.indiehackers.site/product/openstatus,2024/06/16
Sentry,SaaS,Monitor,Free & Paid,https://sentry.io,"Code breaks, fix it faster",https://www.indiehackers.site/product/sentry,2024/06/16
DataDog,SaaS,Monitor,Free & Paid,https://www.datadoghq.com,Modern monitoring & security,https://www.indiehackers.site/product/datadog,2024/06/16
Wope,SaaS,SEO,Paid,https://wope.com,New Era of Rank Tracking,https://www.indiehackers.site/product/wope,2024/06/23
LowFruits,SaaS,SEO,Paid,https://lowfruits.io,Find untapped keywords today to rank faster,https://www.indiehackers.site/product/lowfruits,2024/06/23
Test Page Title & Meta Description ,SaaS,SEO,Free,https://totheweb.com/learning_center/tool-test-google-title-meta-description-lengths," Keep your title tags under 60 characters for better visibility in SERPs. The page title is super important because it appears in search engines like an advertisement for the page.  Google changes the description tag about 2/3 of the time so descriptions are less critical. Keep them concise, typically under 160 characters.",https://www.indiehackers.site/product/test-page-title-and-meta-description,2024/06/20
AITDK SEO Extension,SaaS,SEO,Free,https://aitdk.com/extension,"AITDK SEO Extension is a versatile browser extension designed to provide comprehensive website analysis. With its powerful features, AITDK SEO Extension offers the ability to track website traffic, whois lookups, keywords density check, and conduct SEO analysis.",https://www.indiehackers.site/product/aitdk-seo-extension,2024/06/08
SEO Site Checkup,SaaS,SEO,Paid,https://seositecheckup.com,"Website SEO, Monitoring & Automation Made Easy",https://www.indiehackers.site/product/seo-site-checkup,2024/06/23
MagickSEO,SaaS,SEO,Free,https://magickseo.com,"Improve SEO in Just One Click. Insights from millions of case studies, powered by AI",https://www.indiehackers.site/product/magickseo,2024/07/05
SEOptimer,SaaS,SEO,Paid,https://www.seoptimer.com,SEO Audit & Reporting Tool,https://www.indiehackers.site/product/seoptimer,2024/06/23
SimilarWeb,SaaS,SEO,Free & Paid,https://similarweb.com,即时网站分析，包括网站排名、网站流量、来源和地理位置,https://www.indiehackers.site/product/similarweb,2024/06/08
Octopus,SaaS,SEO,Free & Paid,https://octopus.do,"Create your visual site map or app structure using our interactive flow, taking full advantage of drag-and-drop. Dive deeper with page content blocks that make your structure simple to design, handle, and discuss.",https://www.indiehackers.site/product/octopus,2024/06/23
Semrush,SaaS,SEO,Paid,https://www.semrush.com,"Get measurable results from online marketing Do SEO, content marketing, competitor research, PPC and social media marketing from just one platform.",https://www.indiehackers.site/product/semrush,2024/06/09
Tag Parrot,SaaS,SEO,Free & Paid,https://tagparrot.com,Turbo Charge your SEOGet Indexed now!,https://www.indiehackers.site/product/tag-parrot,2024/06/20
Build the Keyword,SaaS,SEO,Free & Paid,https://aitdk.com/extension,Find business ideas that will bring you customers on auto-pilot,https://www.indiehackers.site/product/build-the-keyword,2024/06/20
Trending Keywords,SaaS,SEO,Free,https://trendingkeywords.net,Discover Trending Keywords Before They Breakout,https://www.indiehackers.site/product/trending-keywords,2024/06/26
Google Trends,SaaS,SEO,Free,https://trends.google.com,Explore what the world is searching for by entering a keyword or a topic. Google Trends data is an unbiased sample of Google search data,https://www.indiehackers.site/product/google-trends,2024/06/08
Ahrefs,SaaS,SEO,Free & Paid,https://ahrefs.com,Everything you need to  rank higher & get more traffic,https://www.indiehackers.site/product/ahrefs,2024/06/08
竹白,SaaS,Newsletter,Free,https://zhubai.love,国内付费专栏平台,https://www.indiehackers.site/product/zhubai,2024/06/15
小报童,SaaS,Newsletter,Free,https://xiaobot.net,国内付费专栏平台,https://www.indiehackers.site/product/xiaobot,2024/06/15
Quail,SaaS,Newsletter,Free & Paid,https://quail.ink,Build a membership community that connects with your followers and funds your best creative work.,https://www.indiehackers.site/product/quail,2024/06/15
Substack,SaaS,Newsletter,Free & Paid,https://substack.com,Substack is the home for great writing,https://www.indiehackers.site/product/substack,2024/06/20
Hi.Events,SaaS,Newsletter,Free & Paid,https://hi.events,A better way to Sell Tickets Online,https://www.indiehackers.site/product/hi-events,2024/06/20
HeyForm,SaaS,Form,Free & Paid,https://heyform.net,Create forms that drive engagements,https://www.indiehackers.site/product/heyform,2024/06/16
Twikoo,SaaS,Other SaaS Tools,Free & Paid,https://twikoo.js.org,"A simple, safe, free comment system.",https://www.indiehackers.site/product/twikoo,2024/06/27
crisp,SaaS,Feedback,Free & Paid,https://crisp.chat,"The all-in-one business messaging platform that gathers teams, conversations, data and knowledge, around one place.",https://www.indiehackers.site/product/crisp,2024/06/28
tawk,SaaS,Feedback,Free,https://www.tawk.to,"Monitor and chat with the visitors on your website, respond to support tickets, organize contacts in a CRM and create a Help Center to empower customers to help themselves. All 100% Free",https://www.indiehackers.site/product/tawk,2024/06/24
Versoly,SaaS,Website Builder,Free & Paid,https://versoly.com,The fastest way to build your pixel perfect website,https://www.indiehackers.site/product/versoly,2024/06/16
Chatwoot,SaaS,Feedback,Free & Paid,https://www.chatwoot.com,"Open-source live-chat, email support, omni-channel desk. An alternative to Intercom, Zendesk, Salesforce Service Cloud etc. ",https://www.indiehackers.site/product/chatwoot,2024/07/09
Giscus,SaaS,Other SaaS Tools,Free,https://giscus.app,A comments system powered by GitHub Discussions. Let visitors leave comments and reactions on your website via GitHub! Heavily inspired by utterances.,https://www.indiehackers.site/product/giscus,2024/06/27
Insighto,SaaS,Feedback,Free,https://insigh.to,"Collect feedback from your customers, prioritize features, and build a product users love.",https://www.indiehackers.site/product/insighto,2024/06/16
featureOS,SaaS,Feedback,Free & Paid,https://featureos.app,New hub for all your customer feedback & analysis,https://www.indiehackers.site/product/featureos,2024/06/16
Tinybird,SaaS,Other SaaS Tools,Free & Paid,https://www.tinybird.co,"Tinybird is a data platform for data and engineering teams to solve complex real-time, operational, and user-facing analytics use cases at any scale. ",https://www.indiehackers.site/product/tinybird,2024/07/10
Crowdin,SaaS,Other SaaS Tools,Free & Paid,https://crowdin.com,Crowdin is AI-powered localization software for teams and businesses. Automate the translation of your content with 600+ apps and integrations,https://www.indiehackers.site/product/crowdin,2024/07/03
YouForm,SaaS,Form,Free & Paid,https://youform.com,The most affordable Typeform alternative,https://www.indiehackers.site/product/youform,2024/06/16
Canny,SaaS,Feedback,Free & Paid,https://canny.io,Build better products with customer feedback,https://www.indiehackers.site/product/canny,2024/06/16
Supahub,SaaS,Feedback,Free & Paid,https://supahub.com,Central hub to collect feedback & announce product updates,https://www.indiehackers.site/product/supahub,2024/06/16
Privacy Policy Generator,SaaS,Other SaaS Tools,Free & Paid,https://www.privacypolicies.com,We generate custom-made Privacy Policies in seconds to help keep your business safe. No jargon. No nonsense. No mucking around.,https://www.indiehackers.site/product/privacy-policy-generator,2024/06/30
Tally,SaaS,Form,Free & Paid,https://tally.so,The simplest way to create forms,https://www.indiehackers.site/product/tally,2024/06/16
Cusdis,SaaS,Other SaaS Tools,Free & Paid,https://cusdis.com,"A lightweight, privacy-first, open-source comment system",https://www.indiehackers.site/product/cusdis,2024/06/27
Quick Waitlist,SaaS,Other SaaS Tools,Free,https://quick-waitlist.vercel.app,"Quick Waitlist is an open-source ""coming soon"" and waiting list page for SaaS platforms and websites.",https://www.indiehackers.site/product/quick-waitlist,2024/06/26
Strapi,CMS,Headless CMS,Free & Paid,https://strapi.io,Manage any content. Anywhere. The leading open-source headless CMS. 100% JavaScript / TypeScript and fully customizable.,https://www.indiehackers.site/product/strapi,2024/06/08
Contentful,CMS,Headless CMS,Free & Paid,https://www.contentful.com,"Headless CMS. Content management and delivery APIs in the cloud. Comes with one free Community space that includes five users, 25K records, 48 Content Types, 2 locales.",https://www.indiehackers.site/product/contentful,2024/06/08
Kontent.ai,CMS,Headless CMS,Free & Paid,https://kontent.ai,"Kontent.ai is a cloud-based content management platform. Its technology-agnostic API enables omnichannel content delivery and management – from any platform to any device. Kontent.ai is a SaaS solution built on a modern technology stack – it's highly available, it scales automatically, and it's secure.",https://www.indiehackers.site/product/kontent-ai,2024/06/08
Payload,CMS,Headless CMS,Free & Paid,https://payloadcms.com,Power anything from websites to internal tools with the open-source backend & modern admin UI that you truly own.,https://www.indiehackers.site/product/payload,2024/06/08
Sanity,CMS,Headless CMS,Free & Paid,https://www.sanity.io,Make content your competitive advantage  Treat content as data—actionable and scalable across your business—with the Sanity Composable Content Cloud.,https://www.indiehackers.site/product/sanity,2024/06/08
ButterCMS,CMS,Headless CMS,Free & Paid,https://buttercms.com,A seamless CMS with a blazing fast API and marketing dashboard. Stop wasting dev time and free your marketers from your legacy CMS.,https://www.indiehackers.site/product/buttercms,2024/06/08
Nuxt Studio,CMS,Headless CMS,Free & Paid,https://nuxt.studio,The Git-based CMS for Nuxt,https://www.indiehackers.site/product/nuxt-studio,2024/06/20
Prismic,CMS,Headless CMS,Free & Paid,https://prismic.io,"Headless CMS. Content management interface with fully hosted and scalable API. The Community Plan provides unlimited API calls, documents, custom types, assets, and locales to one user. Everything that you need for your next project. Bigger free plans are available for Open Content/Open Source projects.",https://www.indiehackers.site/product/prismic,2024/06/08
Cosmic,CMS,Headless CMS,Free & Paid,https://www.cosmicjs.com,Headless CMS and API toolkit. Free personal plans for developers.,https://www.indiehackers.site/product/cosmic,2024/06/08
TinaCMS,CMS,Headless CMS,Free & Paid,https://tina.io,"Open source Git-backed headless CMS that supports Markdown, MDX, and JSON. The basic offer is free with two users available.",https://www.indiehackers.site/product/tinacms,2024/06/08
Directus,CMS,Headless CMS,Free & Paid,https://directus.io,Headless CMS. A completely free and open-source platform for managing assets and database content on-prem or in the Cloud. There are no limitations or paywalls.,https://www.indiehackers.site/product/directus,2024/06/08
Decap,CMS,Headless CMS,Free & Paid,https://decapcms.org,Decap CMS (formerly Netlify CMS) is an open source content management system for your Git workflow that enables you to provide editors with a friendly UI and intuitive workflows.,https://www.indiehackers.site/product/decap,2024/06/08
Storyblok,CMS,Headless CMS,Free & Paid,https://www.storyblok.com,"A Headless CMS for developers and marketers that works with all modern frameworks. The Community (free) tier offers Management API, Visual Editor, ten sources, Custom Field Types, Internationalization (unlimited languages/locales), Asset Manager (up to 2500 assets), Image Optimizing Service, Search Query, Webhook + 250GB Traffic/month included.",https://www.indiehackers.site/product/storyblok,2024/06/08
Ghost,CMS,Other CMS,Paid,https://ghost.org,"Ghost is a powerful app for professional publishers to create, share, and grow a business around their content. It comes with modern tools to build a website, publish content, send newsletters & offer paid subscriptions to members.",https://www.indiehackers.site/product/ghost,2024/06/08
Wordpress,CMS,Other CMS,Free & Paid,https://wordpress.com,"Build and grow your website with the best way to WordPress. Lightning-fast hosting, intuitive, flexible editing, and everything you need to grow your site and audience, baked right in.",https://www.indiehackers.site/product/wordpress,2024/06/15
Microsoft Azure,Hosting,Cloud Providers,Free & Paid,https://aws.amazon.com,Envision your next great AI app with the latest technologies announced at Microsoft Build. Get started with Azure now with pay-as-you-go pricing. There’s no upfront commitment—cancel anytime. Or try Azure free for up to 30 days.,https://www.indiehackers.site/product/microsoft-azure,2024/06/09
DigitalOcean,Hosting,Cloud Providers,Paid,https://www.digitalocean.com,"Learn here. Dream here. Develop here. Join the wave of developers building and scaling apps with simple cloud tools, top-tier reliability, and predictable pricing. Powerful and production-ready, our cloud platform has the solutions you need to succeed.",https://www.indiehackers.site/product/digitalocean,2024/06/09
Hetzner,Hosting,Cloud Providers,Paid,https://www.hetzner.com,Low-cost dedicated server for self-hosting.,https://www.indiehackers.site/product/hetzner,2024/06/16
Linode,Hosting,Cloud Providers,Paid,https://www.linode.com,"Build, run, and secure your cloud workloads on Akamai Connected Cloud, a massively distributed edge and cloud platform.",https://www.indiehackers.site/product/linode,2024/06/09
Google Cloud,Hosting,Cloud Providers,Free & Paid,https://cloud.google.com,"Build apps fast, make smart business decisions, and connect people anywhere.",https://www.indiehackers.site/product/google-cloud,2024/06/09
Amazon Web Services,Hosting,Cloud Providers,Free & Paid,https://aws.amazon.com,"Whether you're looking for generative AI, compute power, database storage, content delivery, or other functionality, AWS has the services to help you build sophisticated applications with increased flexibility, scalability, and reliability",https://www.indiehackers.site/product/amazon-web-services,2024/06/09
Cloudflare,Hosting,Cloud Providers,Free & Paid,https://www.cloudflare.com,Cloudflare Pages is a JAMstack platform for frontend developers to collaborate and deploy websites.,https://www.indiehackers.site/product/cloudflare,2024/06/10
Fly.io,Hosting,Hosting Tools,Free & Paid,https://fly.io,Fly.io transforms containers into micro-VMs that run on our hardware in 30+ regions on six continents.*,https://www.indiehackers.site/product/fly-io,2024/06/09
Railway,Hosting,Hosting Tools,Free & Paid,https://railway.app,"Railway is an infrastructure platform where you can provision infrastructure, develop with that infrastructure locally, and then deploy to the cloud.",https://www.indiehackers.site/product/railway,2024/06/09
Vercel,Hosting,Hosting Tools,Free & Paid,https://vercel.com,"Vercel is a cloud platform that enables developers to deploy websites and applications with ease, providing features like automatic deployments, serverless functions, and global CDN.",https://www.indiehackers.site/product/vercel,2024/05/28
Cloudflare Worker,Hosting,Hosting Tools,Free & Paid,https://workers.cloudflare.com,"Deploy serverless code instantly across the globe to give it exceptional performance, reliability, and scale.",https://www.indiehackers.site/product/cloudflare-worker,2024/06/08
Cloudflare Pages,Hosting,Hosting Tools,Free & Paid,https://pages.cloudflare.com,Cloudflare Pages is a JAMstack platform for frontend developers to collaborate and deploy websites.,https://www.indiehackers.site/product/cloudflare-pages,2024/06/07
Netlify,Hosting,Hosting Tools,Free & Paid,https://www.netlify.com,"Connect everything. Build anything. Netlify is the essential platform for the delivery of exceptional and dynamic web experiences, without limitations.",https://www.indiehackers.site/product/netlify,2024/06/07
Render,Hosting,Hosting Tools,Free & Paid,https://render.com,"Render is a unified cloud to build and run all your apps and websites with free TLS certificates, global CDN, private networks and auto deploys from Git.",https://www.indiehackers.site/product/render,2024/06/09
Koyeb,Hosting,Hosting Tools,Free & Paid,https://www.koyeb.com,"Koyeb is a developer-friendly serverless platform to deploy apps globally. No-ops, servers, or infrastructure management.",https://www.indiehackers.site/product/koyeb,2024/06/09
Zeabur,Hosting,Hosting Tools,Free & Paid,https://zeabur.com,"Deploy Painlessly, Scale Infinitely Say goodbye to deployment hassles. With Zeabur, bring your coding genius to life swiftly and smoothly.",https://www.indiehackers.site/product/zeabur,2024/06/09
Github Pages,Hosting,Hosting Tools,Free,https://pages.github.com,"Websites for you and your projects. Hosted directly from your GitHub repository. Just edit, push, and your changes are live. Pages Help",https://www.indiehackers.site/product/github-pages,2024/06/08
Heroku,Hosting,Hosting Tools,Paid,https://www.heroku.com,Heroku 提供了一个全面管理的平台，支持 Node.js、Ruby、Java、PHP、Python、Go、Scala 和 Clojure 等官方语言，同时也支持通过第三方构建包使用在 Linux 上运行的任何语言。,https://www.indiehackers.site/product/heroku,2024/06/09
EasyPanel,Hosting,Other Hosting Tools,Free & Paid,https://easypanel.io,"Next Generation Server Control Panel Use an intuitive interface to deploy applications, manage databases, and provision SSL certificates.",https://www.indiehackers.site/product/easypanel,2024/06/08
Dokploy,Hosting,Other Hosting Tools,Free,https://dokploy.com,"Dokploy streamlines app deployment on VPS, blending user-friendly interfaces with powerful Docker and Traefik integration for top performance and security, enhanced with real-time monitoring.",https://www.indiehackers.site/product/dokploy,2024/06/08
Dockge,Hosting,Other Hosting Tools,Free,https://github.com/louislam/dockge,"A fancy, easy-to-use and reactive self-hosted docker compose.yaml stack-oriented manager.",https://www.indiehackers.site/product/dockge,2024/06/22
1Panel,Hosting,Other Hosting Tools,Free & Paid,https://1panel.cn,1Panel 是新一代的 Linux 服务器运维管理面板,https://www.indiehackers.site/product/1panel,2024/06/08
Coolify,Hosting,Other Hosting Tools,Free & Paid,https://coolify.io,Self-hosting with superpowers. An open-source & self-hostable Heroku / Netlify / Vercel alternative.,https://www.indiehackers.site/product/coolify,2024/06/08
Portainer,Hosting,Other Hosting Tools,Free & Paid,https://www.portainer.io,"Irrespective of your industry, orchestration platform, or computing device, Portainer is the most versatile container management software that simplifies your secure adoption of containers with remarkable speed.",https://www.indiehackers.site/product/portainer,2024/06/09
React,Framework,Frontend Framework,Free,https://react.dev,The library for web and native user interfaces,https://www.indiehackers.site/product/react,2024/07/11
Nuxt,Framework,Frontend Framework,Free,https://nuxt.com,Nuxt is an open source framework that makes web development intuitive and powerful. Create performant and production-grade full-stack web apps and websites with confidence.,https://www.indiehackers.site/product/nuxt,2024/06/16
Astro,Framework,Frontend Framework,Free,https://astro.build,The web framework for content-driven websites,https://www.indiehackers.site/product/astro,2024/06/08
Remix,Framework,Frontend Framework,Free,https://remix.run,"Remix is a full stack web framework that lets you focus on the user interface and work back through web standards to deliver a fast, slick, and resilient user experience. People are gonna love using your stuff.",https://www.indiehackers.site/product/remix,2024/06/16
Nextjs,Framework,Frontend Framework,Free,https://nextjs.org,The React Framework for the Web,https://www.indiehackers.site/product/nextjs,2024/06/08
Vue,Framework,Frontend Framework,Free,https://vuejs.org,"An approachable, performant and versatile framework for building web user interfaces.",https://www.indiehackers.site/product/vue,2024/07/11
Svelte,Framework,Frontend Framework,Free,https://kit.svelte.dev,"web development, streamlined",https://www.indiehackers.site/product/svelte,2024/06/16
AppWrite,Framework,Backend Framework,Free & Paid,https://appwrite.io,"Build your entire backend within minutes and scale effortlessly using Appwrite's open-source platform. Add Authentication, Databases, Functions, Storage, and Messaging to your projects using the frameworks and languages of your choice.",https://www.indiehackers.site/product/appwrite,2024/06/09
LeanCloud,Framework,Backend Framework,Free & Paid,https://leancloud.app,LeanCloud 是领先的 Serverless 云服务，为产品开发提供强有力的后端支持，旨在帮助开发者降低研发、运营维护等阶段投入的精力和成本。 LeanCloud 整合了各项服务，让开发者能够聚焦在核心业务上，为客户创造更多价值。,https://www.indiehackers.site/product/leancloud,2024/06/16
Firebase,Framework,Backend Framework,Free & Paid,https://firebase.google.com,"Build & run modern, AI-powered experiences users love with Firebase, a platform designed to support you throughout your app development journey. Backed by Google and trusted by millions of businesses around the world.",https://www.indiehackers.site/product/firebase,2024/06/16
Deno,Framework,Backend Framework,Free & Paid,https://deno.com/deploy,"Hassle-free platform for serverless JavaScript applications.   Develop locally in JavaScript or TypeScript, deploy in seconds globally and scale to billions of requests.",https://www.indiehackers.site/product/deno,2024/06/09
Express,Framework,Backend Framework,Free,https://expressjs.com,"Fast, unopinionated, minimalist web framework for node.",https://www.indiehackers.site/product/express,2024/07/06
Pocketbase,Framework,Backend Framework,Free,https://pocketbase.io,"PocketBase is an open source backend consisting of embedded database (SQLite) with realtime subscriptions, built-in auth management, convenient dashboard UI and simple REST-ish API.",https://www.indiehackers.site/product/pocketbase,2024/06/16
FastAPI,Framework,Backend Framework,Free,https://fastapi.tiangolo.com,"FastAPI framework, high performance, easy to learn, fast to code, ready for production",https://www.indiehackers.site/product/fastapi,2024/06/15
Hono,Framework,Backend Framework,Free,https://hono.dev,"Ultrafast Web framework for the Edges. Fast, but not only fast. Works on Cloudflare Workers, Fastly Compute, Deno, Bun, Vercel, AWS, and Node.js.",https://www.indiehackers.site/product/hono,2024/06/22
Convex,Framework,Backend Framework,Free,https://www.convex.dev,"Convex is the open-source backend for application builders. An all-in-one platform with thoughtful, product-centric APIs.",https://www.indiehackers.site/product/convex,2024/07/07
MemFire Cloud,Framework,Backend Framework,Paid,https://www.memfiredb.com,MemFire Cloud应用开发服务，采用开源的Supabase，兼容国内开发生态，内置通用服务，简单易学，加速小程序/移动应用/WEB网站的开发，降低开发/运维成本。,https://www.indiehackers.site/product/memfire-cloud,2024/06/09
Supabase,Framework,Backend Framework,Free & Paid,https://supabase.com,"Supabase is an open source Firebase alternative. Start your project with a Postgres database, Authentication, instant APIs, Edge Functions, Realtime subscriptions, Storage, and Vector embeddings.",https://www.indiehackers.site/product/supabase,2024/06/09
back4app,Framework,Backend Framework,Free & Paid,https://www.back4app.com,"Back4app is the cloud platform for building, deploying and scaling applications. Our AI-powered solution, increases developer productivity, eliminates DevOps, and accelerates time-to-market",https://www.indiehackers.site/product/back4app,2024/06/16
Expo,Framework,Mobile App Framework,Free & Paid,https://nextjs.org,"Create universal native apps with React that run on Android, iOS, and the web. Iterate with confidence.",https://www.indiehackers.site/product/expo,2024/06/15
Typescript,Framework,Toolchains,Free,https://www.typescriptlang.org,TypeScript is a language for application-scale JavaScript.,https://www.indiehackers.site/product/typescript,2024/07/11
TanStack,Framework,Library,Free,https://tanstack.com,Open source software for building better UI and UX,https://www.indiehackers.site/product/tanstack,2024/07/09
Pinia,Framework,Library,Free,https://pinia.vuejs.org,"Intuitive, type safe, light and flexible Store for Vue using the composition api with DevTools support",https://www.indiehackers.site/product/pinia,2024/07/06
Biome,Framework,Toolchains,Free,https://biomejs.dev,"A toolchain for web projects, aimed to provide functionalities to maintain them. Biome offers formatter and linter, usable via CLI and LSP.",https://www.indiehackers.site/product/biome,2024/07/06
Zod,Framework,Library,Free,https://zod.dev,TypeScript-first schema validation with static type inference,https://www.indiehackers.site/product/zod,2024/07/06
ahooks,Framework,Library,Free,https://ahooks.js.org,A high-quality & reliable React Hooks library,https://www.indiehackers.site/product/ahooks,2024/07/06
Jotai,Framework,Library,Free,https://jotai.org,Jotai takes an atomic approach to global React state management.,https://www.indiehackers.site/product/jotai,2024/06/30
Zustand,Framework,Library,Free,https://zustand-demo.pmnd.rs,"A small, fast and scalable bearbones state-management solution using simplified flux principles. Has a comfy API based on hooks, isn't boilerplatey or opinionated.",https://www.indiehackers.site/product/zustand,2024/06/30
tRPC,Framework,Library,Free,https://trpc.io,Experience the full power of TypeScript inference to boost productivity for your full-stack application.,https://www.indiehackers.site/product/trpc,2024/07/01
Bun,Framework,Toolchains,Free,https://bun.sh,"Incredibly fast JavaScript runtime, bundler, test runner, and package manager – all in one",https://www.indiehackers.site/product/bun,2024/07/06
Content Collections,Framework,Library,Free,https://www.content-collections.dev,Transform your content into type-safe data collections,https://www.indiehackers.site/product/content-collections,2024/07/06
useHooks,Framework,Library,Free,https://usehooks.com,"A collection of modern, server-safe React hooks – from the ui.dev team",https://www.indiehackers.site/product/usehooks,2024/07/06
Vite,Framework,Toolchains,Free,https://vitejs.dev,Next Generation Frontend Tooling,https://www.indiehackers.site/product/vite,2024/07/06
Turbo,Framework,Toolchains,Free,https://turbo.build,"Incremental bundler and build system optimized for JavaScript and TypeScript, written in Rust – including Turbopack and Turborepo.",https://www.indiehackers.site/product/turbo,2024/07/06
Namecheap,Domain,Domain,Paid,https://www.namecheap.com,"We make registering, hosting, and managing domains for yourself or others easy and affordable, because the internet needs people.",https://www.indiehackers.site/product/namecheap,2024/06/07
porkbun,Domain,Domain,Paid,https://www.namecheap.com,"Porkbun is an amazingly awesome ICANN accredited domain name registrar based out of the Pacific Northwest. We're different, we're easy, and we're affordable. Use us, you won't be sorry. If you don't use us we'll be sad, but we'll still love you.",https://www.indiehackers.site/product/porkbun,2024/06/19
L53,Domain,Domain,Free & Paid,https://l53.net,Find your favorite domain almost free. New user can use coupon 'newuser' for free first year!,https://www.indiehackers.site/product/l53,2024/06/08
Spaceship,Domain,Domain,Paid,https://www.spaceship.com,Spaceship 是一个一站式的数字平台，提供域名注册、托管服务、电子邮件服务和网站建设工具，旨在帮助用户轻松启动和管理他们的网站和在线业务。,https://www.indiehackers.site/product/spaceship,2024/06/03
Namesilo,Domain,Domain,Paid,https://www.namesilo.com,"Find cheap domain names for your website Hosting, Email and SSL solutions are available to set up your online presence all under one roof.",https://www.indiehackers.site/product/namesilo,2024/06/08
Dynadot,Domain,Domain,Free & Paid,https://www.dynadot.com,"A super-powered domain marketplace We're an ICANN-accredited domain name and website building solution that helps make managing your domains simple, affordable, and secure.",https://www.indiehackers.site/product/dynadot,2024/06/08
Godaddy,Domain,Domain,Paid,https://www.godaddy.com,Get the tools you need to grow your business.,https://www.indiehackers.site/product/godaddy,2024/06/08
TLD-LIST,Domain,Other Domain Tools,Free & Paid,https://tld-list.com,Compare Prices of All Top-Level Domains,https://www.indiehackers.site/product/tld-list,2024/06/08
哪煮米,Domain,Other Domain Tools,Free,https://www.nazhumi.com,哪煮米是一个域名比价网站，帮助您找到合适的域名后缀和域名注册商。,https://www.indiehackers.site/product/nazhumi,2024/06/08
Neon,Database,Postgres,Free & Paid,https://neon.tech,"Ship faster with Postgres The database you love, on a serverless platform designed to help you build reliable and scalable applications faster.",https://www.indiehackers.site/product/neon,2024/06/08
Supabase Database,Database,Postgres,Free & Paid,https://supabase.com,"Supabase is an open source Firebase alternative. Start your project with a Postgres database, Authentication, instant APIs, Edge Functions, Realtime subscriptions, Storage, and Vector embeddings.",https://www.indiehackers.site/product/supabase-database,2024/05/28
Xata,Database,Postgres,Free & Paid,https://xata.io,Xata is the only serverless data platform for PostgreSQL. Develop applications faster knowing your data layer is ready to evolve and scale with your needs.,https://www.indiehackers.site/product/xata,2024/06/08
Upstash,Database,Redis,Free & Paid,https://upstash.com,Serverless Data Platform,https://www.indiehackers.site/product/upstash,2024/06/08
Cloudflare D1,Database,SQLite,Free & Paid,https://www.cloudflare.com/developer-platform/d1,"D1 is Cloudflare’s native serverless database. D1 allows you to build applications that handle large amounts of users at no extra cost. With D1, you can restore your database to any minute within the last 30 days.",https://www.indiehackers.site/product/cloudflare-d1,2024/06/08
Turso,Database,SQLite,Free & Paid,https://turso.tech,SQLite for Production,https://www.indiehackers.site/product/turso,2024/06/08
MongoDB,Database,MongoDB,Free & Paid,https://www.mongodb.com,MongoDB cloud services consist of a comprehensive suite of data products that accelerate and simplify how you build with data for any application.,https://www.indiehackers.site/product/mongodb,2024/06/08
TiDB,Database,MySQL,Paid,https://tidbcloud.com,"The ultimate MySQL database platform PlanetScale is the world’s most advanced, fully-managed MySQL database platform.",https://www.indiehackers.site/product/tidb,2024/06/24
PlanetScale,Database,MySQL,Paid,https://planetscale.com,"The ultimate MySQL database platform PlanetScale is the world’s most advanced, fully-managed MySQL database platform.",https://www.indiehackers.site/product/planetscale,2024/06/08
Drizzle,Database,ORM,Free,https://orm.drizzle.team,Drizzle ORM is a headless TypeScript ORM with a head ,https://www.indiehackers.site/product/drizzle,2024/06/16
Prisma,Database,ORM,Free & Paid,https://www.prisma.io,"Simple db interactions via the ORM, + connection pooling & edge caching, + type-safe db events",https://www.indiehackers.site/product/prisma,2024/06/16
Prisma Editor,Database,ORM,Free,https://prisma-editor.vercel.app,A powerful tool to visualize and edit Prisma Schema with ease.,https://www.indiehackers.site/product/prisma-editor,2024/06/30
Stripe,Monetization,Global Payment,Paid,https://stripe.com,Stripe 是一个提供在线和线下支付接受、金融服务集成、定制收入模型以及构建更盈利业务的金融基础设施平台，广受各种规模公司的使用。,https://www.indiehackers.site/product/stripe,2024/06/01
Lemon Squeezy,Monetization,Global Payment,Paid,https://www.lemonsqueezy.com,"Payments, tax & subscriptions for software companies As your merchant of record, we handle the tax compliance burden so you can focus on more revenue and less headache.",https://www.indiehackers.site/product/lemon-squeezy,2024/06/07
Paddle,Monetization,Global Payment,Paid,https://www.paddle.com,"Increase your revenue, reduce costs and cut down risk Automatically Our products simplify and automate your billing operations so you can focus on growth.",https://www.indiehackers.site/product/paddle,2024/06/07
虎皮椒,Monetization,China Payment,Paid,https://www.xunhupay.com,无需营业执照，微信支付宝个人支付接口 不挂机官方结算保障资金安全,https://www.indiehackers.site/product/xunhupay,2024/06/09
Carbon,Monetization,Advertisement,Free,https://www.carbonads.net,Reach developers and creators effortlessly. Carbon is the best way to reach creators and developers at scale.,https://www.indiehackers.site/product/carbon,2024/06/08
Google Adsense,Monetization,Advertisement,Free,https://adsense.google.com,"AdSense makes it easy to earn money from your content, whether you’re an independent creator or a larger company. You’re always in control, and Google AI helps you maximize earnings.",https://www.indiehackers.site/product/google-adsense,2024/06/08
PromoteKit,Monetization,Affiliate,Free & Paid,https://www.promotekit.com,Affiliate Software built for Stripe,https://www.indiehackers.site/product/promotekit,2024/06/16
Reflio Affiliates,Monetization,Affiliate,Free,https://affiliates.reflio.com,"Reflio is a platform that allows you to effortlessly set up an affiliate program for your Software as a Service (SaaS) business in just a matter of minutes, and the best part is that it starts at an affordable price of $0 per month.",https://www.indiehackers.site/product/reflio-affiliates,2024/06/16
Lemon Squeezy Affiliates,Monetization,Affiliate,Free,https://affiliates.lemonsqueezy.com,Lemon Squeezy Affiliates,https://www.indiehackers.site/product/lemon-squeezy-affiliates,2024/06/15
Tolt,Monetization,Affiliate,Paid,https://tolt.io,Affiliate Marketing software for SaaS startups,https://www.indiehackers.site/product/tolt,2024/06/16
Rewardful,Monetization,Affiliate,Paid,https://www.rewardful.com,All-in-One Affiliate Management Software for SaaS,https://www.indiehackers.site/product/rewardful,2024/06/16
Wise,Monetization,Accounts,Free,https://wise.com,"Send money globally for less Move your money where it matters. Save up to 2x on international transfers in over 50 currencies, without any hidden fees.",https://www.indiehackers.site/product/wise,2024/06/20
爱发电,Monetization,Sponsor,Free,https://afdian.net,国内创作者赞助平台，连接创作者与粉丝的赞助平台,https://www.indiehackers.site/product/afdian,2024/06/15
Ko-fi,Monetization,Sponsor,Free,https://ko-fi.com,"Ko-fi is the easiest way for you to start making an income directly from your fans. You can accept donations, create membership tiers, open an online shop, and take commissions all with 0-5% platform fees.",https://www.indiehackers.site/product/ko-fi,2024/06/26
面包多,Monetization,Sponsor,Free,https://mbd.pub,国内虚拟物品交易平台,https://www.indiehackers.site/product/mbd,2024/06/15
Buy Me a Coffee,Monetization,Sponsor,Free,https://buymeacoffee.com,Fund your creative work Accept support. Start a membership. Setup a shop. It’s easier than you think.,https://www.indiehackers.site/product/buymeacoffee,2024/06/09
如何制作落地页：保姆级实操指南,Learning,Articles,Free,https://www.bmms.me/blog/landing-page,这篇文章是小吉拆解了国内外 117 个优秀的落地页案例，总结提炼出的保姆级入门指南,https://www.indiehackers.site/product/how-to-make-landing-page,2024/06/22
How to Build a Startup Without Funding by Pieter Levels,Learning,Videos,Free,https://www.youtube.com/watch?v=6reLWfFNer0,THE INDIE MAKER HANDBOOK learn to build profitable startups the indie way,https://www.indiehackers.site/product/how-to-build-a-startup-without-funding-by-pieter-levels,2024/06/20
Code With Antonio,Learning,Videos,Free & Paid,https://www.youtube.com/@codewithantonio,Build something great with Antonio,https://www.indiehackers.site/product/code-with-antonio,2024/06/22
硬地骇客 - 两个月 $12000 ARR 实践之路,Learning,Articles,Free,https://book.hardhacker.com,本书是关于 Podwise 产品从灵感到变现过程的忠实记录以及复盘,https://www.indiehackers.site/product/indie-hacker-12000-arr-in-two-months,2024/06/30
Josh tried coding,Learning,Videos,Free,https://www.youtube.com/@joshtriedcoding,udemy certified 10x engineer (trust me bro) | swe  @upstash  | building http://animate-code.com,https://www.indiehackers.site/product/josh-tried-coding,2024/06/22
Coding in Public,Learning,Videos,Free,https://www.youtube.com/@CodinginPublic,We all code better when we code together and are kind to each other.,https://www.indiehackers.site/product/coding-in-public,2024/06/22
The 5-4-3-2-1 formula that boosted sales by 27%,Learning,Articles,Free,https://www.justinwelsh.me/newsletter/the-5-4-3-2-1-formula-that-boosted-sales-by-27,The 5-4-3-2-1 formula that boosted sales by 27%,https://www.indiehackers.site/product/the-5-4-3-2-1-formula-that-boosted-sales-by-27,2024/07/07
James Q Quick,Learning,Videos,Free & Paid,https://www.youtube.com/@JamesQQuick,I publish weekly videos about Web Development!  I am constantly learning the latest and greatest in Web Development and am excited to help you do the same.,https://www.indiehackers.site/product/james-q-quick,2024/07/06
notJust․dev,Learning,Videos,Free & Paid,https://www.youtube.com/@notjustdev,It's time to become a Full-Stack Mobile Developer,https://www.indiehackers.site/product/notjust-dev,2024/07/06
JavaScript Mastery,Learning,Videos,Free & Paid,https://www.youtube.com/@javascriptmastery,Master modern web development with a project-based approach,https://www.indiehackers.site/product/javascript-mastery,2024/07/06
独立开发技术栈2024,Learning,Articles,Free,https://guangzhengli.com/blog/zh/indie-hacker-tech-stack-2024,这篇文章详细介绍了我们如果做独立开发的话，推荐选择什么技术栈和优缺点,https://www.indiehackers.site/product/indie-hacker-stack-2024,2024/06/22
Ultimate guide on how to rank #1 on Product Hunt,Learning,Articles,Free,https://www.tmaker.io/home/ultimate-guide-on-how-to-rank-1-on-product-hunt,"Product Hunt is a gold mine for getting new customers. If you rank high, you can even generate about 10,000 unique visits and 1000-3000 genuine leads for your business.",https://www.indiehackers.site/product/ultimate-guide-on-how-to-rank-1-on-product-hunt,2024/06/20
独立开发营销获客增长手册,Learning,Xiaobot,Paid,https://xiaobot.net/p/devgrowth?refer=9bc0c5bd-01f1-41dd-b06c-f93f50709e97,收获1000位狂热用户，掌握独立出海奥秘 15节小课，帮助大家突破只会开发不会运营的增长困境,https://www.indiehackers.site/product/devgrowth,2024/06/18
MicroLaunch,Community,Global Community,Free & Paid,https://microlaunch.net,"Launch products, get feedback & customers over a month",https://www.indiehackers.site/product/microlaunch,2024/07/06
Hashnode,Community,Global Community,Free & Paid,https://hashnode.com,AI-assisted blogging for developers and teams.,https://www.indiehackers.site/product/hashnode,2024/06/26
Awesome Indie,Community,Global Community,Free,https://awesomeindie.com,Explore trending tech startups and products. We feature new products every day!,https://www.indiehackers.site/product/awesome-indie,2024/07/06
Medium,Community,Global Community,Free & Paid,https://medium.com,Medium is a home for human stories and ideas.,https://www.indiehackers.site/product/medium,2024/06/26
Product Hunt,Community,Global Community,Free,https://producthunt.com,"ProductHunt is a platform for discovering new products, where users can share, upvote, and discuss the latest tech innovations and startups.",https://www.indiehackers.site/product/product-hunt,2024/06/01
Reddit,Community,Global Community,Free,https://www.reddit.com,"Reddit is a popular social news aggregation, web content rating, and discussion website where users can post content, comment on it, and vote on it.",https://www.indiehackers.site/product/reddit,2024/07/12
uneed,Community,Global Community,Free & Paid,https://www.uneed.best,"Uneed is a launch platform for your products, a Product Hunt alternative. Everyone is featured, everyone gets its chance to shine.",https://www.indiehackers.site/product/uneed,2024/07/06
Indie Hackers,Community,Global Community,Free,https://www.indiehackers.com,Connect with developers who are sharing the strategies and revenue numbers behind their companies and side projects.,https://www.indiehackers.site/product/indie-hackers,2024/06/01
DevHunt,Community,Global Community,Free & Paid,https://devhunt.org,"Launch products, get feedback & customers over a month",https://www.indiehackers.site/product/devhunt,2024/07/06
Hacker News,Community,Global Community,Free,https://news.ycombinator.com,"Hacker News features a diverse array of recent developments and discussions in technology, including updates on software tools, programming languages, hardware innovations, and industry news.",https://www.indiehackers.site/product/hacker-news,2024/06/24
DEV Community,Community,Global Community,Free & Paid,https://dev.to,A constructive and inclusive social network for software developers. With you every step of your journey.,https://www.indiehackers.site/product/dev-community,2024/06/26
xs.tools,Community,Chinese Community,Free,https://xs.tools,发现有趣的小工具 - 帮助独立开发者快速上线产品，寻找灵感！,https://www.indiehackers.site/product/xs-tools,2024/06/28
神器集,Community,Chinese Community,Free,https://hao.logosc.cn,「AI神器集」是一个发现分享有趣在线工具的地方,https://www.indiehackers.site/product/shen-qi-ji,2024/07/06
独立开发者前线,Community,Chinese Community,Free,https://www.91wink.com,独立开发者社区，始于2018.10，由众多独立开发者维护，致力于搭建和维护好国内独立开发者圈子和氛围,https://www.indiehackers.site/product/91wink,2024/06/15
小众软件,Community,Chinese Community,Free,https://meta.appinn.net,小众软件论坛,https://www.indiehackers.site/product/appinn,2024/07/06
新趣集,Community,Chinese Community,Free,https://xinquji.com,有趣产品集合,https://www.indiehackers.site/product/xinquji,2024/06/15
1000UserGuide,Community,Chinese Community,Free,https://1000userguide.com,1000UserGuide精心整理了300多个国内外渠道，专门适合独立开发者和创业者推广产品的渠道。,https://www.indiehackers.site/product/1000userguide,2024/07/06
w2solo,Community,Chinese Community,Free,https://w2solo.com,独立开发者社区，始于2018.10，由众多独立开发者维护，致力于搭建和维护好国内独立开发者圈子和氛围,https://www.indiehackers.site/product/w2solo,2024/06/15
solo,Community,Chinese Community,Free,https://solo.xin,赶紧 Solo 一下，小产品，快变现~,https://www.indiehackers.site/product/solo,2024/06/15
5km,Community,Hackers,Free,https://5km.tech,🔖 Indie Maker & Solo Pioneer at 5KM Software Tech (https://5km.tech). 🔥 Pursuing the art of Minimalism in Tech! | Crafting Zipic(https://zipic.5km.tech),https://www.indiehackers.site/product/5km,2024/06/20
Guangzheng Li,Community,Hackers,Free,https://guangzhengli.com,一个还在重新学习，重塑思想的开发者,https://www.indiehackers.site/product/guangzheng-li,2024/06/22
Dan Mindru,Community,Hackers,Free,https://marclou.com,"Indie maker, dev, designer & pizza lover🍕",https://www.indiehackers.site/product/dan-mindru,2024/06/16
张小吉,Community,Hackers,Free,https://www.bmms.me,独立创客 & 数字游民,https://www.indiehackers.site/product/zhangxiaoji,2024/06/16
Tibo,Community,Hackers,Free,https://www.tmaker.io,"I talk about building an audience, personal branding, acquisitions, productivity, and more!",https://www.indiehackers.site/product/tibo,2024/06/20
Marc Lou,Community,Hackers,Free,https://marclou.com,Famous Indie Hacker,https://www.indiehackers.site/product/marc-lou,2024/06/16
